id,gender,first_name,last_name,age,job,country,salary
1,Male,Chlo,McKilroe,62,Software Consultant,Indonesia,4078
2,Female,Agustin,Piscopiello,63,Safety Technician II,China,2751
3,Female,Kalil,Ellingworth,39,Librarian,China,3656
4,Female,Ruprecht,Reye,65,Engineer III,Indonesia,1581
5,Female,Rudie,Brewitt,24,Research Assistant III,France,7432
6,Female,Georgeanna,Okenden,27,Nuclear Power Engineer,China,3198
7,Female,Rex,Ferreo,21,Engineer III,Peru,4299
8,Male,Inglis,Devenport,40,Internal Auditor,Japan,6953
9,Female,Dody,Athridge,60,Statistician IV,Estonia,7742
10,Female,Marlane,Seyfart,28,Social Worker,Armenia,5285
11,Male,Gabriela,Denisyev,25,Account Coordinator,Armenia,2514
12,Male,Salem,O' Clovan,65,Programmer II,Philippines,3209
13,Female,Adriane,Wallage,55,Desktop Support Technician,Sweden,4548
14,Female,Joyous,Stockin,55,Senior Cost Accountant,Bangladesh,9733
15,Male,Stace,Chinnock,44,Structural Engineer,Indonesia,1731
16,Female,Alanah,Aveline,59,Human Resources Assistant I,United States,4022
17,Male,Trula,Cunnington,24,Web Designer IV,China,4432
18,Female,Artur,Ivanilov,25,Safety Technician I,Czech Republic,6746
19,Female,Heywood,Folca,28,Analog Circuit Design manager,Philippines,5469
20,Female,Tobye,Ibbitson,26,Operator,China,2899
21,Female,Car,Neesam,64,Engineer I,Malaysia,3921
22,Male,Harland,Quan,50,Environmental Tech,Colombia,6715
23,Female,Sherman,Pischel,35,Software Test Engineer III,Uruguay,1886
24,Male,Dagmar,Roubert,65,Environmental Specialist,China,6516
25,Female,Gerladina,Wettern,20,Chief Design Engineer,China,7800
26,Female,Terence,Senecaut,57,Mechanical Systems Engineer,Philippines,5261
27,Male,Meghan,Hemphill,23,Financial Advisor,Panama,4075
28,Male,Corey,Ogilvy,39,Civil Engineer,Azerbaijan,4199
29,Female,Barbabas,Lemerie,36,Registered Nurse,Honduras,3402
30,Male,Kitty,Allbrook,43,Analog Circuit Design manager,China,4472
31,Male,Whitney,Tarver,25,Legal Assistant,Thailand,2573
32,Male,Lutero,Sneezem,58,Analog Circuit Design manager,Serbia,4719
33,Female,Graehme,Westwell,38,Web Designer II,Madagascar,8034
34,Male,Rasla,Ogbourne,54,Administrative Assistant III,Indonesia,1703
35,Female,Wyatt,Brownsworth,22,Payment Adjustment Coordinator,Moldova,2273
36,Female,Carolus,Castellani,49,Sales Associate,China,9270
37,Female,De,Barbary,24,Computer Systems Analyst IV,China,8730
38,Female,Frayda,Mayho,32,VP Marketing,Russia,4182
39,Male,Ulric,Garbett,48,Nurse Practicioner,Dominican Republic,2408
40,Male,Salomone,Chamney,18,Pharmacist,China,7655
41,Female,Whittaker,Pidgley,48,Tax Accountant,Syria,6285
42,Female,Donny,Sawers,46,Clinical Specialist,Indonesia,8066
43,Male,Sharl,De Roos,40,Computer Systems Analyst I,Austria,1617
44,Female,Raphaela,Canas,57,Software Test Engineer III,Philippines,4748
45,Male,Winfield,Mollett,25,Professor,China,8399
46,Female,Lorain,Munks,62,Civil Engineer,Greece,3342
47,Male,Piotr,Spitaro,31,Software Consultant,Sweden,9725
48,Female,Welsh,Dartan,30,Civil Engineer,Dominican Republic,8221
49,Male,Sigmund,Zohrer,25,Web Designer IV,China,8055
50,Male,Mareah,Bissex,56,Statistician I,China,5719
51,Male,Rodrigo,McCarlie,18,Sales Associate,Cuba,6371
52,Female,Shurwood,Swyre,63,Quality Control Specialist,Philippines,6088
53,Male,Ivan,Goadby,46,Safety Technician I,China,7788
54,Female,Kerry,Glozman,40,Account Coordinator,Ukraine,8936
55,Female,Jocko,Delagua,42,Junior Executive,France,8039
56,Female,Giorgia,Karpenko,47,Technical Writer,Russia,5936
57,Male,Stacy,Attridge,31,Legal Assistant,China,6880
58,Male,Elia,Heeran,33,Staff Scientist,Czech Republic,1567
59,Male,Carie,Cabane,38,Help Desk Technician,China,8344
60,Male,Fidela,Doodson,50,Administrative Assistant IV,China,5257
61,Female,Eugenio,Menci,21,Recruiter,Colombia,1625
62,Male,Thoma,McKennan,21,Help Desk Operator,Venezuela,4858
63,Female,Georgena,Mehaffey,39,Desktop Support Technician,Tunisia,6493
64,Female,Brett,Whiles,18,Structural Analysis Engineer,Indonesia,8909
65,Male,Yardley,Pinks,54,Financial Advisor,Argentina,6323
66,Male,Marylou,Risborough,28,Budget/Accounting Analyst III,Serbia,3362
67,Male,Vaughan,Gatenby,30,VP Accounting,Poland,1564
68,Female,Alberik,Eyckel,46,Electrical Engineer,China,2671
69,Female,Dewitt,Keady,31,Associate Professor,China,6711
70,Female,Cecil,Erridge,43,Information Systems Manager,Chad,5195
71,Female,Darcee,Darnborough,50,Assistant Professor,China,2727
72,Female,Dixie,Danniel,22,Data Coordiator,China,6239
73,Female,Nicola,Shenton,40,GIS Technical Architect,Canada,4465
74,Male,Thaddeus,Fredy,35,Sales Associate,Morocco,2484
75,Female,Frasco,Bolding,49,Food Chemist,Peru,6242
76,Male,Pavia,Beniesh,47,Account Coordinator,Portugal,7845
77,Female,Mirella,Burdas,59,Administrative Officer,South Korea,8667
78,Female,Jacky,Tweedie,56,Technical Writer,Mongolia,9447
79,Female,Brunhilde,Espino,50,Environmental Specialist,China,9257
80,Male,Willette,Dilke,23,Clinical Specialist,United Kingdom,1954
81,Female,Shanna,Upham,48,Budget/Accounting Analyst IV,Chile,2039
82,Female,Kerrie,Standall,29,Human Resources Assistant II,Norway,9335
83,Male,Mahalia,Whitefoot,57,Sales Representative,Indonesia,9727
84,Male,Boigie,Dicky,36,VP Product Management,China,6606
85,Male,Enrique,Normavill,32,Help Desk Operator,Colombia,5667
86,Male,Curtice,Collar,50,Pharmacist,Indonesia,5487
87,Female,Pren,Hardway,39,Business Systems Development Analyst,China,8893
88,Male,Skippie,Ivins,30,VP Product Management,Czech Republic,2419
89,Male,Peggi,Drinnan,50,Project Manager,Tunisia,5553
90,Male,Finley,Deathridge,53,Nurse Practicioner,Jamaica,4927
91,Male,Mahala,MacQueen,51,Programmer Analyst IV,China,6337
92,Female,Rowney,Awmack,52,Accounting Assistant IV,France,3129
93,Female,Noe,Botwright,59,Project Manager,Benin,6759
94,Female,Rianon,Niland,28,VP Sales,Indonesia,5903
95,Female,Lenette,Broadbent,64,Automation Specialist I,Russia,4675
96,Female,Cob,Hatz,52,Research Associate,China,2635
97,Female,Sherm,Fewings,56,Media Manager IV,Colombia,6382
98,Male,Suzi,Rawstorne,60,Product Engineer,Cambodia,3709
99,Male,Puff,Quinsee,37,Research Assistant II,France,8871
100,Male,Will,Snufflebottom,20,Senior Quality Engineer,Sweden,2535
101,Female,Madelaine,Raddenbury,59,Operator,Russia,3477
102,Female,Rasla,Dubock,35,Food Chemist,Russia,2971
103,Female,Matilda,Mackie,51,VP Quality Control,Greece,4954
104,Female,Lucina,Stoodale,60,Physical Therapy Assistant,Russia,6481
105,Female,Ervin,Tatam,35,Director of Sales,Indonesia,9923
106,Male,Francene,Maffeo,43,Food Chemist,Morocco,5836
107,Female,Milissent,Greenhalf,43,Web Developer II,Thailand,8658
108,Male,Denis,Burman,63,Registered Nurse,China,3372
109,Female,Corella,Fevier,65,Dental Hygienist,Syria,2321
110,Female,Paddie,Brotherton,53,Quality Control Specialist,Sri Lanka,9118
111,Male,Dorri,Klazenga,57,VP Product Management,Russia,9905
112,Male,Alfy,Lorentzen,24,Analyst Programmer,Russia,6603
113,Female,Kele,Cuttle,36,Graphic Designer,Greece,3312
114,Female,Harmonia,Union,65,Teacher,Indonesia,8613
115,Female,Livvie,Thackham,28,Professor,Thailand,1818
116,Male,Agnola,Bernini,61,Electrical Engineer,Philippines,5115
117,Male,Faye,Yggo,42,Statistician I,Peru,5178
118,Female,Ignazio,Greer,18,Food Chemist,Lithuania,2922
119,Male,Glynis,Bukowski,18,Web Designer IV,Ukraine,5180
120,Female,Bernardina,Rotchell,52,Quality Engineer,France,3212
121,Male,Lionello,Boys,53,Safety Technician IV,Brazil,6090
122,Male,Retha,Olivetti,54,Programmer Analyst I,United States,8044
123,Male,Kristo,Humbell,37,Administrative Officer,France,4880
124,Female,Lilian,Feronet,24,Librarian,Cameroon,4834
125,Male,Lydie,Bedding,39,Director of Sales,France,6926
126,Female,Ches,Tivers,42,Automation Specialist II,United States,2318
127,Female,Leonie,Legerton,20,Compensation Analyst,Poland,6571
128,Male,Aguistin,Eastes,23,Nuclear Power Engineer,Peru,5805
129,Male,Chelsie,Iacobassi,64,Assistant Manager,Ukraine,9555
130,Male,Dewitt,Versey,55,Help Desk Operator,Bulgaria,8896
131,Female,Clarie,Grave,54,Registered Nurse,Philippines,9206
132,Female,Mellisent,Peeke-Vout,38,Senior Quality Engineer,Kazakhstan,7902
133,Female,Steven,Innot,37,Executive Secretary,Peru,2964
134,Male,Araldo,Parkisson,54,Assistant Media Planner,Indonesia,5739
135,Female,Idell,Popplewell,46,Structural Analysis Engineer,China,4319
136,Female,Ed,Brodeau,60,Geologist IV,United States,7847
137,Male,Ariela,Mablestone,30,Recruiting Manager,China,7283
138,Female,Kissiah,Ciric,22,Quality Engineer,China,5947
139,Female,Boris,Allworthy,21,Senior Cost Accountant,China,8732
140,Male,Culver,Vile,52,Nurse,Canada,6565
141,Female,Humfrid,Mainston,18,Media Manager II,China,6549
142,Male,Lianna,Doyland,65,Recruiting Manager,China,2655
143,Male,Seward,Soigne,47,Data Coordiator,Syria,8719
144,Female,Esmaria,Ostridge,19,Senior Cost Accountant,China,4464
145,Male,Sallie,Laugharne,65,Senior Financial Analyst,China,4529
146,Male,Jimmy,Bonavia,33,VP Quality Control,China,2898
147,Male,Vera,Bauchop,54,Clinical Specialist,Philippines,6333
148,Male,Delcine,Lonnon,31,Speech Pathologist,China,5823
149,Female,Yolande,Sallans,23,Account Coordinator,Indonesia,9487
150,Male,Renado,D'Abbot-Doyle,28,Senior Quality Engineer,Sweden,8848
151,Female,Zelda,Mabee,38,Project Manager,China,7287
152,Male,Roddy,Sedger,53,Geologist II,Azerbaijan,6194
153,Female,Filmore,Mapledoore,56,Information Systems Manager,Thailand,6683
154,Female,Northrop,Windley,51,Software Consultant,China,3277
155,Male,Lark,Bales,34,Account Coordinator,Mongolia,7607
156,Female,Billie,Taylorson,26,Software Consultant,China,4290
157,Male,Shandeigh,Trusty,32,Graphic Designer,Indonesia,7107
158,Male,Friedrich,Pretor,20,Actuary,China,1748
159,Female,Priscella,Mogridge,22,Food Chemist,Thailand,8073
160,Female,Iseabal,Olver,41,Accounting Assistant IV,Indonesia,8487
161,Male,Rustie,Cutmare,49,Analog Circuit Design manager,China,5283
162,Female,Gerard,Kennet,62,Nurse Practicioner,China,8941
163,Male,Rafe,Gibbens,19,Software Engineer IV,Morocco,6260
164,Male,Laraine,Tubritt,41,VP Product Management,United States,1717
165,Male,Rube,Nears,23,Assistant Professor,Brazil,3997
166,Female,Agnella,Bordes,21,Sales Representative,Syria,8240
167,Female,Belita,Dedham,53,Mechanical Systems Engineer,Philippines,7331
168,Male,Pippo,Ryland,55,GIS Technical Architect,Russia,6262
169,Male,Rivkah,Raffeorty,29,Office Assistant I,China,5180
170,Male,Nicolai,Yeomans,30,Registered Nurse,China,7268
171,Female,Enrika,Boswell,44,Electrical Engineer,Philippines,1735
172,Male,Rona,Gerretsen,46,Speech Pathologist,Mexico,5575
173,Female,Marten,Moughtin,47,Help Desk Technician,Tunisia,8827
174,Male,Merrill,Keer,52,Executive Secretary,Philippines,3803
175,Male,Wilhelmine,Vokes,63,Biostatistician III,Norway,8935
176,Female,Hartwell,Rosenfarb,47,Legal Assistant,China,7600
177,Female,Kendricks,MacCathay,35,Programmer III,France,4713
178,Female,Andrey,Ellsom,47,Director of Sales,Poland,8185
179,Male,Base,Haldon,40,Administrative Officer,Indonesia,9005
180,Male,Micah,Isselee,32,Graphic Designer,China,7085
181,Female,Jammal,Blackeby,48,Environmental Specialist,China,9454
182,Male,Tabitha,Mackieson,36,Information Systems Manager,Ukraine,4596
183,Female,Berty,Eccleston,57,Human Resources Manager,Brazil,7444
184,Female,Denni,Maddaford,61,VP Sales,Russia,6098
185,Male,Herbie,Milier,27,Budget/Accounting Analyst III,Portugal,5453
186,Female,Anatole,Chrystal,47,Operator,Russia,4706
187,Male,Ky,Taplin,57,Account Representative II,China,4493
188,Male,Henrietta,Betteson,35,Assistant Manager,United States,2088
189,Male,Ephrem,Trickey,63,VP Quality Control,Uzbekistan,7211
190,Male,Ferd,Warlock,25,Environmental Tech,Poland,5450
191,Female,Thornton,Spillane,55,Nurse,Philippines,3663
192,Male,Trefor,Lusk,43,Social Worker,Portugal,2390
193,Female,Lacee,Loveredge,60,Technical Writer,Iran,9879
194,Male,Leandra,Compford,40,Social Worker,Peru,8329
195,Female,Garner,Unthank,22,Senior Financial Analyst,Portugal,7566
196,Female,Hannie,Geistmann,47,Dental Hygienist,China,4875
197,Female,Klarrisa,Tutchings,31,Paralegal,Greece,2727
198,Male,Carlyn,Hagwood,56,Graphic Designer,Indonesia,4711
199,Male,Rand,Latter,27,Environmental Tech,China,7150
200,Male,Valerye,Van't Hoff,30,Programmer Analyst II,Armenia,8053
201,Female,Brandice,Ajam,34,Analog Circuit Design manager,Ukraine,4663
202,Female,Llywellyn,Glyde,65,Environmental Specialist,South Africa,9432
203,Male,Sharleen,Druce,33,Social Worker,Ukraine,1792
204,Male,Lyndel,Kinnach,65,Statistician II,Brazil,7400
205,Female,Jayson,Cudde,55,Cost Accountant,Malaysia,9188
206,Male,Lethia,Benard,32,Mechanical Systems Engineer,Finland,3635
207,Female,Celeste,Musto,59,Geologist I,United States,5517
208,Female,Leland,Tesche,60,Administrative Assistant IV,Sweden,5216
209,Female,Harwell,Writer,36,Design Engineer,Indonesia,4466
210,Female,Ali,Vannuccinii,33,Analyst Programmer,China,9330
211,Female,Russell,Esposita,54,Financial Analyst,Russia,1816
212,Female,Skipton,Coppen,18,Recruiting Manager,Peru,3330
213,Female,Evyn,Peteri,50,Graphic Designer,China,4897
214,Female,Gusella,Yashin,33,Environmental Tech,Poland,4103
215,Male,Marylin,McGeouch,38,VP Quality Control,Indonesia,9105
216,Male,Bathsheba,Wallbutton,44,Quality Control Specialist,Croatia,6678
217,Female,Cheslie,Woodland,36,Health Coach II,China,4963
218,Female,Decca,Atheis,39,VP Marketing,Macedonia,3553
219,Female,Nev,Roadknight,56,Project Manager,Norway,3084
220,Male,Dallis,Aggus,25,Geological Engineer,Azerbaijan,2163
221,Male,Zandra,Reightley,51,Professor,Indonesia,5143
222,Male,Tadeo,Phillippo,33,Software Consultant,Bulgaria,2936
223,Female,Gusti,Forton,63,Account Representative IV,Brazil,8310
224,Female,Codi,Birtwhistle,34,Geological Engineer,Colombia,8544
225,Male,Ivor,Vanderson,22,Social Worker,China,2292
226,Male,Tricia,Headly,62,Software Engineer II,Indonesia,9339
227,Female,Beauregard,Butte,36,Assistant Professor,Indonesia,8415
228,Male,Evelyn,Vallow,41,Information Systems Manager,Indonesia,7336
229,Female,Germaine,Bointon,31,Programmer II,Brazil,8365
230,Female,Kori,Kinmond,24,VP Accounting,Philippines,4103
231,Female,Jewelle,Nollet,49,Senior Financial Analyst,Gambia,5353
232,Male,Kacey,Burston,59,Design Engineer,Croatia,7063
233,Male,Masha,Danilovic,64,VP Sales,Russia,2955
234,Male,Yance,Theyer,40,Sales Representative,Thailand,3620
235,Male,Elisha,Shilling,29,Analog Circuit Design manager,Indonesia,8429
236,Female,Bryn,Roundtree,46,General Manager,France,5985
237,Female,Antons,Chasson,39,Business Systems Development Analyst,China,2687
238,Male,Tab,McGinney,61,Technical Writer,Russia,8744
239,Male,Gusella,Daens,30,Chief Design Engineer,Mexico,9909
240,Male,Gonzalo,Gheorghescu,55,Chief Design Engineer,Honduras,8777
241,Female,Neale,Patters,20,Financial Advisor,Russia,8578
242,Female,Brianne,Maldin,45,Accounting Assistant II,Venezuela,4989
243,Male,Meredeth,Vlasenkov,31,Assistant Professor,Brazil,6730
244,Male,Ryley,Skirving,29,Research Assistant IV,Portugal,8568
245,Female,Cherilyn,Plevin,44,Statistician I,Nigeria,6927
246,Male,Kele,Thornborrow,35,Chief Design Engineer,Peru,6952
247,Male,Theodosia,Espadater,40,Recruiter,Tanzania,6431
248,Male,Carolynn,Roscamps,36,Quality Control Specialist,China,6622
249,Male,Corey,Testro,52,Legal Assistant,Denmark,6638
250,Female,Bibbye,Hulke,43,Clinical Specialist,Colombia,3748
251,Male,Cyril,Blaxley,28,Payment Adjustment Coordinator,Seychelles,5828
252,Female,Goober,Lowre,23,Accounting Assistant II,Indonesia,3311
253,Male,Constantin,Charlton,27,Assistant Professor,Brazil,2604
254,Female,Bryanty,France,65,Registered Nurse,Poland,8199
255,Female,Orrin,Gyves,24,Mechanical Systems Engineer,United States,4674
256,Female,Ruthann,Christoffels,24,Graphic Designer,Saudi Arabia,8307
257,Female,Cirillo,Elsley,30,VP Marketing,Poland,3764
258,Male,Naoma,Ensor,26,Systems Administrator I,Philippines,4000
259,Male,Pamelina,Gabey,50,Accountant I,China,8503
260,Female,Pierre,Patten,36,Recruiting Manager,China,7355
261,Female,Sonnie,Fearn,20,VP Accounting,Mongolia,5430
262,Female,Lammond,Salerno,40,Staff Accountant II,Croatia,8984
263,Male,Lin,Allsep,25,Payment Adjustment Coordinator,Egypt,4546
264,Female,Gearalt,Easdon,37,Senior Developer,Sweden,4898
265,Male,Alethea,Tregoning,20,Developer II,Portugal,9924
266,Male,Inna,Spread,48,Senior Sales Associate,Macedonia,5409
267,Female,Catrina,Dumbelton,39,Quality Control Specialist,Brazil,9319
268,Female,Alvis,Rowett,56,Geologist I,China,2200
269,Male,Issi,Lamyman,62,Junior Executive,Vietnam,6844
270,Female,Timofei,Benedite,52,Business Systems Development Analyst,China,5045
271,Male,Thornton,Deinert,55,Staff Scientist,Sweden,8379
272,Male,Laure,Rustadge,63,VP Quality Control,China,4924
273,Male,Agosto,Linham,28,Research Nurse,China,3998
274,Female,Emile,Martyn,23,Professor,Guadeloupe,7806
275,Male,Coriss,Fish,51,Sales Representative,Portugal,8025
276,Male,Cly,Drowsfield,31,Registered Nurse,China,1621
277,Male,Culver,Dane,33,Environmental Tech,Zambia,5980
278,Female,Honoria,Conerding,53,Research Associate,Paraguay,1846
279,Female,Sibylle,Simonnet,61,Assistant Manager,Brazil,9688
280,Female,Lian,Cudihy,31,GIS Technical Architect,China,3378
281,Male,Betsey,Doody,28,Nurse Practicioner,Mongolia,6204
282,Male,Rowen,Vamplus,28,Safety Technician II,Ecuador,4919
283,Female,Inna,Tomasik,63,Staff Accountant I,China,6660
284,Male,Berty,Sully,27,Senior Quality Engineer,Poland,7123
285,Male,Horst,Sigart,62,Food Chemist,Canada,8382
286,Male,Blakeley,Rolston,43,Developer III,Papua New Guinea,2991
287,Male,Curcio,Belhomme,60,Senior Developer,China,3098
288,Female,Orv,Merriton,33,Software Engineer I,Japan,5971
289,Female,Wileen,Gipson,33,Human Resources Manager,China,9921
290,Female,Lucille,Haysman,65,Biostatistician II,Indonesia,6251
291,Male,Emilia,Shuttlewood,62,Marketing Manager,Georgia,4465
292,Female,Darcee,Catt,45,Registered Nurse,France,5784
293,Male,Cece,Greedier,40,Registered Nurse,Brazil,1855
294,Female,Gail,Blenkinsopp,46,Help Desk Technician,Russia,1785
295,Male,Maryl,Ruse,60,Registered Nurse,Sweden,7144
296,Female,Dona,Widdowfield,43,VP Sales,China,9073
297,Female,Stepha,Tierny,61,Environmental Tech,Guatemala,5100
298,Female,Allison,Fardo,64,Engineer III,Indonesia,2503
299,Male,Aldo,Dewar,57,Human Resources Manager,Russia,6081
300,Male,Errol,Cattlemull,29,VP Product Management,Argentina,8821
301,Female,Bryanty,Radden,45,Human Resources Assistant III,Canada,8903
302,Female,Fan,Matteucci,63,Teacher,Netherlands,5767
303,Female,Alfonso,Mowatt,58,Engineer II,Indonesia,1721
304,Male,Tammy,Gambrell,61,Help Desk Technician,Peru,8779
305,Male,Gris,Barchrameev,23,Senior Cost Accountant,France,1556
306,Female,Tish,Brende,56,Desktop Support Technician,Indonesia,6434
307,Female,Zane,Stokoe,49,Recruiter,Saint Kitts and Nevis,4128
308,Male,Kiel,Eve,29,Information Systems Manager,Russia,8329
309,Female,Elaine,Badger,61,Accounting Assistant II,Ukraine,9852
310,Male,Alyce,Deeman,44,Community Outreach Specialist,France,9637
311,Female,Faustina,McAvaddy,63,VP Sales,Peru,5613
312,Male,Lenora,Humbatch,64,Biostatistician II,Indonesia,7154
313,Male,Giulio,Postin,41,Food Chemist,Greece,9658
314,Female,Normy,Morales,64,Social Worker,China,5777
315,Female,Esmeralda,Rosenhaus,43,VP Accounting,Nepal,5811
316,Female,Allyn,Bearward,53,Quality Control Specialist,France,6332
317,Male,Stephanie,Rilings,60,Social Worker,Indonesia,9170
318,Male,Reyna,Alentyev,34,Payment Adjustment Coordinator,Uzbekistan,4354
319,Male,Abelard,Hymer,30,Environmental Tech,China,7597
320,Male,Anthea,Rew,27,Analog Circuit Design manager,Indonesia,4454
321,Male,Henrik,Regan,54,Paralegal,Indonesia,9821
322,Male,Catherin,Pentercost,52,Research Nurse,Egypt,8599
323,Female,Vernor,Plitz,56,Marketing Assistant,Maldives,7809
324,Male,Pincas,Columbell,62,Chemical Engineer,Brazil,8587
325,Female,Colver,Brewster,38,Accounting Assistant II,Canada,3519
326,Female,Delores,Brommage,61,Environmental Tech,Peru,6869
327,Female,Corbie,Tithecott,31,Marketing Manager,China,2066
328,Female,Sarena,Marryatt,47,Junior Executive,Portugal,3156
329,Male,Patrizia,Fakes,63,Geological Engineer,Japan,8776
330,Female,Mandel,Andriolli,62,Product Engineer,Finland,5310
331,Male,Andros,Angus,36,Legal Assistant,Czech Republic,9422
332,Male,Hanny,Cambden,63,Sales Associate,Venezuela,9294
333,Female,Sampson,Valsler,38,Accounting Assistant II,Portugal,3937
334,Male,Gladi,Lafranconi,51,Accounting Assistant I,Togo,5893
335,Female,Caritta,Mockes,52,Research Nurse,China,7124
336,Male,Arlyn,Kobierra,32,Budget/Accounting Analyst I,Portugal,7116
337,Female,Fitz,Synder,24,Recruiting Manager,United States,4700
338,Male,Stacy,Adamolli,62,Help Desk Technician,Portugal,6377
339,Female,Stephen,Gentric,43,Geological Engineer,Ireland,7697
340,Female,Isidro,Cromleholme,56,Recruiter,Latvia,3768
341,Male,Tandy,Oldman,20,Software Consultant,Indonesia,1665
342,Female,Sol,Haslewood,20,Sales Associate,China,6142
343,Male,Leela,Girodias,48,Senior Financial Analyst,Ukraine,4528
344,Male,Silvia,Blacker,62,Senior Developer,Indonesia,2259
345,Female,Ruby,Jeannel,39,Operator,Philippines,5062
346,Female,Skylar,Pheasey,52,Cost Accountant,Macedonia,8275
347,Female,Bill,Rigolle,20,Cost Accountant,Palestinian Territory,5328
348,Female,Jermain,Bartoshevich,22,Food Chemist,Sweden,1597
349,Male,Cynthy,Labden,42,Design Engineer,Venezuela,1895
350,Male,Jobye,Enevold,24,Human Resources Assistant I,China,3401
351,Female,Mikol,Dumpleton,51,Internal Auditor,Philippines,3889
352,Male,Sheree,Tomkins,25,Cost Accountant,Albania,2433
353,Female,Merola,Popov,58,Desktop Support Technician,United States,9644
354,Female,Bradney,Colebeck,30,Human Resources Assistant II,Hungary,6211
355,Male,Budd,Godden,49,Occupational Therapist,Nicaragua,7167
356,Female,Riordan,Winny,36,Senior Developer,Russia,2542
357,Female,Katusha,Tabner,40,Compensation Analyst,Senegal,6484
358,Female,Powell,Grzelewski,58,Systems Administrator I,Indonesia,7636
359,Female,Layla,Ollier,23,Programmer Analyst IV,Philippines,8916
360,Male,Sancho,Rosenthaler,43,Accounting Assistant III,France,6546
361,Female,Gunilla,cornhill,60,Social Worker,Zambia,2902
362,Female,Rivi,Pietranek,55,Occupational Therapist,Ivory Coast,2489
363,Male,Guntar,Fryer,47,General Manager,Portugal,7713
364,Female,Tammy,Duckworth,54,Staff Accountant II,China,9440
365,Male,Eloise,Gritton,31,Budget/Accounting Analyst I,Russia,1759
366,Male,Beauregard,Georgius,27,Recruiting Manager,Egypt,5488
367,Male,Rosella,Snawdon,39,Biostatistician II,Czech Republic,3227
368,Male,Care,Keady,64,General Manager,Russia,1601
369,Male,Curr,Kinforth,51,Programmer I,Mauritius,3035
370,Female,Gualterio,Bolf,33,Quality Control Specialist,Indonesia,8706
371,Female,Marven,Vaines,39,Administrative Officer,Japan,4682
372,Male,Charlotte,MacGray,63,Biostatistician II,Argentina,8947
373,Female,Patrizio,Woolfoot,40,GIS Technical Architect,Indonesia,3280
374,Female,Adams,Cavil,20,Nurse,Kenya,9098
375,Female,Westbrook,Hartus,29,Graphic Designer,France,4748
376,Female,Kayla,Dearness,27,Electrical Engineer,China,6536
377,Female,Darcey,Naulls,36,Account Representative III,Pakistan,9604
378,Male,Babara,Kornilyev,44,Database Administrator I,Russia,3162
379,Female,Lorilyn,Ozanne,20,Health Coach III,Ukraine,8354
380,Female,Constantia,Cullin,36,Account Coordinator,China,6583
381,Male,Loralee,Echlin,44,Account Coordinator,Venezuela,9965
382,Male,Parsifal,Stadden,53,Senior Developer,Indonesia,6691
383,Male,Maddalena,Turbefield,52,Senior Sales Associate,Indonesia,8856
384,Male,Annissa,Pinfold,27,Software Consultant,Malaysia,2283
385,Male,Cesaro,Philott,60,Actuary,Bosnia and Herzegovina,5696
386,Female,Joby,Cokly,18,Software Test Engineer III,Indonesia,1720
387,Female,Rochette,Welman,54,Assistant Media Planner,Ethiopia,2006
388,Male,Giacinta,Holdin,26,Project Manager,Indonesia,9987
389,Female,Cynthia,Lademann,34,Nurse Practicioner,Poland,5507
390,Female,Ettore,Dwine,39,Marketing Manager,Poland,4722
391,Male,Claudianus,Blader,18,Geologist III,China,4722
392,Female,Bale,O'Hara,26,Registered Nurse,China,3586
393,Male,Herman,Gossage,50,Programmer IV,Philippines,6892
394,Male,Dante,Heakins,51,Senior Cost Accountant,Poland,5632
395,Female,Willdon,Portwaine,57,Structural Analysis Engineer,Egypt,6356
396,Female,Deeanne,Cazereau,23,Research Assistant IV,Japan,1508
397,Male,Stan,Pilmoor,64,VP Accounting,Poland,5805
398,Female,Jo,Phelit,55,Administrative Assistant III,Vietnam,8024
399,Male,Griffith,Flement,48,Statistician IV,Kazakhstan,5465
400,Male,Kial,Collimore,20,Librarian,Philippines,5875
401,Female,Mollee,Wrangle,29,Biostatistician II,Sierra Leone,6748
402,Male,Krystle,Loughrey,57,Professor,Portugal,7180
403,Male,Hulda,Brazener,57,Occupational Therapist,China,5574
404,Female,Josselyn,MacGorrie,45,Nuclear Power Engineer,Japan,2286
405,Male,Haslett,Barhem,47,Administrative Assistant I,Indonesia,5875
406,Female,Maurita,Batchan,62,Accounting Assistant I,Chile,6570
407,Female,Irina,Bette,28,Clinical Specialist,Lithuania,5846
408,Male,Katuscha,Burgoyne,39,Speech Pathologist,Bangladesh,4248
409,Female,Hanna,Keen,27,Research Assistant IV,Nigeria,9602
410,Male,Quincey,Halling,65,Structural Analysis Engineer,Sweden,5503
411,Male,Orelee,Daniau,31,Senior Cost Accountant,Portugal,2467
412,Male,Rose,Candwell,40,Account Representative IV,China,2171
413,Male,Tedi,Kimbley,45,Mechanical Systems Engineer,China,7625
414,Female,Cornelius,Spowage,34,Mechanical Systems Engineer,Tanzania,6071
415,Female,Daryl,Cowlas,30,Office Assistant IV,Ukraine,4484
416,Male,Concordia,MacGraith,20,Mechanical Systems Engineer,Zimbabwe,9146
417,Male,Caren,Fayers,58,Cost Accountant,Indonesia,6536
418,Female,Tove,Cristofor,36,Senior Sales Associate,China,9074
419,Female,June,Hebblewaite,42,Chief Design Engineer,Indonesia,2530
420,Female,Micheil,Cinnamond,36,Business Systems Development Analyst,France,8292
421,Female,Abeu,Joslin,62,Financial Advisor,Honduras,7530
422,Female,Elvis,Grinyov,18,Financial Advisor,Panama,2635
423,Female,Park,Gentle,23,Budget/Accounting Analyst IV,Ethiopia,1892
424,Male,Shir,Nurcombe,19,Food Chemist,China,3223
425,Male,Bartlett,Djokic,39,Assistant Manager,Finland,7777
426,Female,Alejandro,Becerra,33,Engineer III,Indonesia,9272
427,Male,Sallee,Dumbar,49,Office Assistant IV,Malaysia,8813
428,Male,Isac,Cantua,52,Chief Design Engineer,Greece,3395
429,Male,Jorry,Blowers,19,Project Manager,Thailand,8736
430,Female,Rustie,Ragbourn,33,VP Sales,Philippines,6415
431,Male,Aggi,Giraudot,62,Financial Advisor,Thailand,4805
432,Male,Ignacio,Bendare,35,Programmer Analyst III,Canada,2424
433,Female,Drucie,Vanichkov,23,Budget/Accounting Analyst IV,China,1790
434,Male,Vale,MacUchadair,49,Database Administrator I,China,6751
435,Female,Inessa,Delamere,40,Assistant Manager,Sweden,7295
436,Female,Illa,Bimson,36,Food Chemist,Brazil,9761
437,Female,Iseabal,MacCallister,43,Desktop Support Technician,Uganda,1623
438,Female,Dottie,Tigwell,21,Tax Accountant,China,5815
439,Male,Dane,Kenafaque,36,Administrative Assistant III,Canada,1714
440,Male,Sherm,Glazer,44,Associate Professor,Ukraine,5424
441,Female,Carr,McCullen,45,Community Outreach Specialist,China,5135
442,Female,Lydie,Casa,42,Nuclear Power Engineer,Peru,7463
443,Male,Jakie,Dockreay,41,Statistician III,Portugal,1722
444,Female,Gina,Reggler,27,Product Engineer,Russia,9944
445,Female,Tuesday,Firsby,64,Safety Technician III,China,5012
446,Female,Devy,Rourke,22,Operator,Dominican Republic,6329
447,Male,Peri,Gronw,52,Editor,Indonesia,4222
448,Male,Dannie,Slite,64,Data Coordiator,Norway,6871
449,Male,Leora,Wyldish,49,Design Engineer,Benin,1646
450,Female,Cesya,Robuchon,21,Account Representative IV,China,9395
451,Female,Bessy,Pattinson,25,Social Worker,Thailand,1545
452,Female,Tally,Morson,50,Technical Writer,Indonesia,7684
453,Male,Alyosha,Aspinwall,30,Senior Developer,Brazil,5157
454,Male,Seumas,Muck,20,Social Worker,Pakistan,7047
455,Male,Carmen,Pummery,58,Senior Financial Analyst,Ukraine,2984
456,Female,Glad,Bisco,59,Budget/Accounting Analyst II,United States,7737
457,Female,Prescott,Bridgwater,24,Assistant Professor,China,2178
458,Male,Cherin,Chesson,52,Senior Cost Accountant,Indonesia,7204
459,Male,Jillayne,Llopis,46,VP Quality Control,China,1918
460,Male,Emmaline,Gilhooley,43,Marketing Manager,Portugal,8170
461,Female,Prince,Gammon,48,Automation Specialist I,China,5598
462,Female,Regine,Teggart,48,Senior Cost Accountant,Brazil,7876
463,Female,Mariejeanne,Warnock,44,Mechanical Systems Engineer,France,6745
464,Male,Kamila,Brownett,46,Technical Writer,Colombia,2173
465,Male,Kahaleel,Drew,27,Paralegal,China,1520
466,Male,Jeanette,Dewbury,34,Accountant III,Yemen,5836
467,Male,Dorelle,Spata,45,Dental Hygienist,Netherlands,8414
468,Male,Eduardo,Anfrey,21,Librarian,Serbia,5007
469,Female,Correna,Trytsman,28,Professor,China,7140
470,Male,Sioux,Gaze,61,Help Desk Technician,Argentina,5561
471,Male,Mylo,Wilmore,44,Software Engineer III,Portugal,9126
472,Female,Georgy,Basilotta,33,Senior Quality Engineer,Indonesia,5226
473,Female,Ruby,Langfat,46,GIS Technical Architect,Czech Republic,8086
474,Female,Jocelyne,Richarz,29,Senior Financial Analyst,Russia,9445
475,Male,Evangelin,Brugemann,48,GIS Technical Architect,Portugal,3231
476,Male,Teddy,Nears,23,Human Resources Assistant II,Tunisia,9679
477,Female,Jesse,Salterne,57,VP Quality Control,Democratic Republic of the Congo,8357
478,Male,Jareb,Snodden,33,Research Nurse,Paraguay,2218
479,Female,Conway,Keay,18,Senior Developer,Philippines,5699
480,Male,Zita,Hellyar,51,Teacher,Morocco,4209
481,Male,Bonnie,Hawson,40,Assistant Professor,Hong Kong,2934
482,Male,Janel,Pardue,54,Account Coordinator,Mauritius,2232
483,Male,Shanna,Heinonen,26,Structural Analysis Engineer,Thailand,1930
484,Male,Alayne,Clee,32,Business Systems Development Analyst,Sudan,4679
485,Male,Jake,Vigars,22,Librarian,Indonesia,2300
486,Male,Reese,McJury,55,Business Systems Development Analyst,China,1545
487,Female,Mamie,Tapley,46,Senior Developer,Chile,5661
488,Male,Wye,Firbanks,64,VP Marketing,Portugal,2800
489,Female,Steffie,Jerrold,24,Legal Assistant,Peru,6213
490,Male,Goldy,Galpen,23,Paralegal,Indonesia,9428
491,Male,Rogers,Dissman,24,VP Quality Control,Czech Republic,6419
492,Female,Amerigo,Nannetti,63,Marketing Manager,Latvia,5553
493,Female,Arlinda,Antonignetti,51,Librarian,Brazil,4341
494,Female,Debora,Riquet,37,Account Executive,Indonesia,9572
495,Female,Mead,Roache,38,Editor,Paraguay,1875
496,Male,Charlton,Luscott,44,Senior Financial Analyst,China,7440
497,Male,Byrle,Dods,52,Nurse,Malaysia,6565
498,Female,Sim,Kasbye,39,Civil Engineer,China,6764
499,Male,Gearalt,Barabich,21,Budget/Accounting Analyst III,Indonesia,4421
500,Female,Charlean,Smoughton,30,Software Engineer III,Philippines,3492
501,Male,Kahaleel,Cuthbertson,50,Food Chemist,Russia,2442
502,Male,Merrill,Mallett,62,Clinical Specialist,Poland,6265
503,Female,Cameron,Edelheid,31,Quality Control Specialist,France,2206
504,Male,Arney,Loughead,18,Associate Professor,Brazil,6345
505,Female,Sheffield,Ducker,30,Sales Associate,Portugal,2121
506,Female,Shellie,Neicho,47,Product Engineer,South Korea,8633
507,Male,Eleni,Trott,36,Internal Auditor,Argentina,9738
508,Male,Aila,Cluney,32,Marketing Assistant,Poland,2341
509,Female,Brenden,Cremins,32,Media Manager I,Myanmar,4660
510,Female,Warren,Klimmek,48,Senior Financial Analyst,Malaysia,6165
511,Female,Chuck,Hakonsson,22,Teacher,Russia,2397
512,Male,Rici,Ireson,61,Research Assistant II,Peru,9800
513,Female,Ardra,Tesche,33,Human Resources Manager,Iran,7589
514,Female,Glyn,Rosgen,38,Sales Representative,Spain,6727
515,Male,Kinnie,Prangle,26,Junior Executive,Colombia,4784
516,Female,Nathanil,Colbourne,30,Web Designer I,United Kingdom,8034
517,Male,Michaella,Rounsefell,35,Accounting Assistant I,Poland,6027
518,Male,Bea,Got,29,Design Engineer,Madagascar,3753
519,Male,Chrisy,Chagg,24,Junior Executive,Canada,6766
520,Male,Bondy,Coltan,47,Actuary,Nicaragua,3927
521,Male,Tomkin,Haywood,55,Environmental Specialist,Czech Republic,8160
522,Male,Norma,Devorill,33,Data Coordiator,China,8312
523,Female,Brennen,Frotton,41,Safety Technician III,China,3573
524,Female,Otha,Irvine,47,Graphic Designer,China,7689
525,Female,Maximilian,Brenard,31,Executive Secretary,China,9991
526,Male,Chelsae,Juliano,40,Statistician IV,Martinique,9006
527,Male,Mei,Christal,59,VP Marketing,Indonesia,4595
528,Female,Ambur,Strachan,41,Sales Associate,Ukraine,6132
529,Female,Wainwright,Dyball,25,Marketing Manager,Mexico,6726
530,Female,Robenia,Pagnin,63,Media Manager IV,China,4139
531,Female,Eal,Henighan,53,Human Resources Assistant III,Thailand,4398
532,Female,Florence,Whye,60,Tax Accountant,Peru,7846
533,Male,Dulcy,Hanburry,60,Product Engineer,Norway,5454
534,Female,Quintus,Rudolf,23,Staff Scientist,China,8928
535,Female,Josefina,Linguard,32,Structural Engineer,Honduras,6896
536,Male,Meta,Feeny,51,Technical Writer,Mexico,2932
537,Male,Jerri,Flitcroft,48,Environmental Specialist,Philippines,9383
538,Female,Adelice,Desorts,40,Dental Hygienist,Russia,9234
539,Female,Raimundo,Taphouse,27,Tax Accountant,China,7521
540,Male,Tommie,Trainer,56,Physical Therapy Assistant,Russia,5075
541,Male,Danyelle,Salterne,61,Account Coordinator,China,5784
542,Male,Thomasina,Jest,23,Dental Hygienist,Bulgaria,7575
543,Female,Suellen,Rodgman,41,Account Coordinator,Colombia,4558
544,Male,Nariko,Escott,52,Systems Administrator IV,Poland,9291
545,Female,Cynde,Kahn,58,Media Manager IV,China,5986
546,Male,Kit,Breedy,64,Assistant Media Planner,Russia,7253
547,Female,Paula,Strainge,46,Project Manager,China,8325
548,Male,Prissie,Le febre,30,Programmer Analyst I,Philippines,7647
549,Female,Kellsie,Dionisetti,21,Software Consultant,Argentina,8019
550,Male,Jasen,MacCardle,60,Nurse,Portugal,6333
551,Female,Port,Caddell,51,Biostatistician II,Peru,8231
552,Male,Shannon,Artingstall,35,Geological Engineer,Brazil,8093
553,Male,Cirstoforo,Harlin,26,Sales Associate,China,8927
554,Male,Kiley,Wear,35,Account Coordinator,China,2156
555,Female,Sly,Aylmer,58,Assistant Manager,Russia,3092
556,Male,Elvis,Pawel,64,Compensation Analyst,Norway,1906
557,Male,Hewitt,Brewerton,30,Editor,United States,6131
558,Male,Shanan,Resun,26,Help Desk Technician,China,4974
559,Male,Erin,Curwood,63,Web Designer III,Yemen,9500
560,Female,Lek,Peele,19,Mechanical Systems Engineer,Indonesia,4968
561,Female,Cayla,Pippard,60,Cost Accountant,Portugal,4157
562,Male,Zelma,Lambertz,63,Data Coordiator,Sweden,2702
563,Female,Cherice,Sleford,24,Editor,Indonesia,8197
564,Female,Ingra,Vile,41,Web Developer II,Somalia,9357
565,Male,Bobbye,Benstead,35,Dental Hygienist,Colombia,1590
566,Male,Carlie,Teasdale,54,Automation Specialist II,China,8759
567,Male,Vitia,Bowick,43,Associate Professor,China,3029
568,Male,Patricio,Maginn,42,Sales Associate,China,2234
569,Female,Jervis,Jerok,38,Business Systems Development Analyst,Canada,3115
570,Male,Desiri,Polkinhorn,31,Structural Analysis Engineer,Indonesia,7584
571,Male,Ivory,Ealden,46,Junior Executive,China,2803
572,Male,Ripley,Beton,32,Statistician II,Indonesia,6695
573,Female,Rhodia,Gilhouley,42,Environmental Specialist,Thailand,9368
574,Male,Joel,Stile,37,Recruiter,China,4843
575,Female,Fayina,Horsted,41,Teacher,Philippines,1911
576,Female,Sophronia,Hasely,52,Marketing Assistant,Brazil,6020
577,Male,Donnie,Rickford,56,Product Engineer,China,7260
578,Male,Ronnica,Casa,59,Cost Accountant,Paraguay,6082
579,Female,Junette,O'Dyvoy,35,Editor,Poland,4652
580,Female,Constanta,Flann,33,Administrative Assistant I,Poland,5138
581,Male,Prentiss,August,56,Chief Design Engineer,Cuba,8908
582,Female,Harmon,Bass,24,Media Manager I,Belarus,2950
583,Female,Misha,Soden,33,Nuclear Power Engineer,Panama,9131
584,Male,Mart,Phaup,18,Research Nurse,Bulgaria,4774
585,Male,Adeline,Tuckwood,44,Quality Engineer,Croatia,4473
586,Male,Flory,Gian,43,Actuary,Russia,6519
587,Female,Randee,Dumsday,50,Systems Administrator IV,China,8439
588,Male,Shawn,Pantry,37,Design Engineer,Guatemala,7304
589,Male,Pavia,Kobera,64,Associate Professor,Colombia,8992
590,Female,Curran,MacGilpatrick,35,Staff Scientist,Russia,5312
591,Female,Heddi,Ussher,31,Actuary,France,9967
592,Female,Ddene,Bonas,41,Statistician IV,Peru,5568
593,Female,Nona,Stenton,27,Quality Control Specialist,Costa Rica,5071
594,Female,Meara,Bridgen,29,Nurse Practicioner,China,7305
595,Female,Francesca,Amphlett,56,Budget/Accounting Analyst III,France,9099
596,Male,Dre,Danser,45,Administrative Officer,Sweden,2921
597,Male,Lawry,Breffitt,27,Executive Secretary,Uganda,3808
598,Male,Faustine,Liversidge,24,Senior Developer,Indonesia,4188
599,Female,Frederick,Lakes,39,Accountant III,Malta,9444
600,Female,Liam,Beeck,34,Environmental Specialist,United States,9603
601,Female,Judie,Flagg,34,Database Administrator I,Colombia,4508
602,Male,Oralia,Collick,24,Human Resources Manager,China,8844
603,Male,Aeriell,Billingsly,29,Automation Specialist III,Malaysia,2392
604,Female,Wendell,Crowdy,51,Analyst Programmer,Peru,3802
605,Male,Silvie,Fradson,36,Financial Analyst,Peru,3356
606,Male,Gerrie,Etherson,46,Nuclear Power Engineer,Indonesia,9592
607,Male,Ches,Mozzini,29,Physical Therapy Assistant,El Salvador,3104
608,Male,Andros,Bagguley,46,Compensation Analyst,Portugal,4881
609,Female,Curtice,Gorhardt,60,Senior Quality Engineer,Greece,2446
610,Male,Junette,Spadotto,44,Senior Sales Associate,China,4038
611,Male,Trueman,Chieco,32,Help Desk Operator,Comoros,3317
612,Male,Clementia,Gronaller,56,Director of Sales,Germany,4562
613,Male,Karina,Sigsworth,43,Account Executive,China,3580
614,Male,Erinn,Levett,23,Electrical Engineer,Poland,7784
615,Female,Willamina,Gillon,45,Senior Editor,Poland,7940
616,Male,Valentijn,Credland,64,Operator,China,8064
617,Female,Kim,Lowne,40,Staff Accountant III,Morocco,5681
618,Male,Stearne,Discombe,47,Developer I,Peru,4462
619,Female,Linn,Licquorish,42,Biostatistician IV,Indonesia,8916
620,Female,Kirby,MacTerrelly,29,Account Coordinator,Spain,8221
621,Male,Feliks,Roman,34,Assistant Media Planner,Japan,3606
622,Female,Dedra,Mithun,23,Editor,China,7756
623,Male,Theo,Spawell,35,Developer I,China,4645
624,Male,Lind,Dobney,52,Registered Nurse,France,9816
625,Female,Idette,Swanborrow,41,Programmer Analyst I,China,9081
626,Female,Winfield,Arnolds,27,Senior Developer,China,8107
627,Female,Evie,Barlas,38,Mechanical Systems Engineer,Brazil,1665
628,Male,Virgilio,Redier,55,Research Nurse,Kosovo,1524
629,Male,Rycca,Rudeforth,23,VP Accounting,Oman,4990
630,Male,Rubie,Ayars,55,Geologist III,Pakistan,6335
631,Female,Jerrine,Erickssen,44,Executive Secretary,Ukraine,5670
632,Female,Gert,Mockes,61,Technical Writer,China,6268
633,Female,Paige,Mynett,43,Paralegal,Czech Republic,4412
634,Female,Leanora,Vedishchev,40,Director of Sales,China,1647
635,Female,Umeko,Loud,46,Junior Executive,Nigeria,7053
636,Female,Nevin,Saveall,29,Help Desk Operator,France,9281
637,Male,Erasmus,Pawelec,58,Quality Engineer,Russia,2287
638,Female,Fiann,Schollar,34,Help Desk Technician,Guatemala,5735
639,Male,Lethia,Raubenheimers,62,Senior Cost Accountant,China,4966
640,Female,Brigitte,Eldrid,27,Assistant Manager,Greece,2622
641,Female,Brittani,Chadwick,27,Account Representative I,Philippines,8553
642,Female,Luca,Lacroux,38,Junior Executive,Turkmenistan,1866
643,Male,Maressa,Krout,44,Tax Accountant,Philippines,2403
644,Female,Cecilio,Warstall,49,Programmer Analyst II,Peru,6502
645,Male,Laurianne,Gooderson,59,Research Assistant I,Albania,2919
646,Female,Violette,Weagener,43,Dental Hygienist,China,6059
647,Female,Lynnea,Marrow,24,Health Coach III,Finland,9704
648,Male,Silas,Soames,22,Community Outreach Specialist,China,6180
649,Female,Jakob,Pygott,60,Statistician III,Russia,9376
650,Male,Codi,Seeking,31,VP Sales,Philippines,1712
651,Female,Muffin,Itzkovitch,47,Recruiting Manager,Sweden,9227
652,Female,Lizzie,Hedworth,22,VP Accounting,Macedonia,9177
653,Female,Aubine,Metzke,63,Marketing Manager,Japan,4162
654,Male,Natalie,Bowlesworth,30,Financial Analyst,Uganda,4393
655,Male,Melosa,Isenor,59,Graphic Designer,Mexico,3651
656,Female,Erhard,Guard,53,Community Outreach Specialist,Georgia,4639
657,Female,Catha,Fassmann,52,Account Executive,Kenya,2145
658,Male,Alard,Savidge,34,Accounting Assistant IV,Philippines,2328
659,Female,Corbie,Highnam,28,Marketing Manager,China,4086
660,Female,Dulsea,Kalkhoven,43,Human Resources Assistant II,South Korea,2031
661,Male,Joelle,Bravington,40,Data Coordiator,Indonesia,6457
662,Female,Ernest,Madgewick,49,Clinical Specialist,China,2799
663,Female,Ada,Bedborough,62,Actuary,United States,6988
664,Female,Modestine,Bordman,19,Pharmacist,China,7735
665,Female,Niccolo,McGilroy,34,Quality Engineer,Moldova,5260
666,Female,Jeremiah,Bacop,20,Civil Engineer,Portugal,2669
667,Male,Clareta,Rosenfield,39,Dental Hygienist,China,7099
668,Female,Sly,Stook,43,Sales Associate,Vietnam,5693
669,Female,Timmy,Treker,48,Senior Cost Accountant,Uganda,6197
670,Male,Issie,Strelitz,64,Graphic Designer,Myanmar,8629
671,Female,Jeniece,Rhyme,33,Programmer II,Mexico,2293
672,Female,Joel,Heineking,63,Senior Financial Analyst,Portugal,4321
673,Female,Wiatt,Verity,58,Nurse,Argentina,6026
674,Male,Malynda,Holdforth,49,Clinical Specialist,China,5142
675,Female,Laetitia,Sterndale,21,Help Desk Operator,Russia,1739
676,Female,Orren,Larby,56,Teacher,China,6658
677,Male,Norris,Faraker,23,Assistant Media Planner,Brazil,5637
678,Male,Mufinella,Spon,29,Financial Advisor,Angola,4053
679,Female,Bondie,Dimbylow,37,Marketing Manager,East Timor,2088
680,Female,Corabel,St Ange,62,Staff Accountant IV,China,4611
681,Male,Cameron,Holliar,22,Geological Engineer,France,9595
682,Male,Liana,Tumbelty,23,Sales Associate,Ukraine,1517
683,Male,Beryl,Metterick,20,Staff Accountant III,Azerbaijan,2015
684,Female,Vanessa,Crosoer,50,Assistant Media Planner,Malaysia,2463
685,Female,Renaldo,Keir,23,Biostatistician I,China,4806
686,Female,Selig,Menere,49,Food Chemist,Czech Republic,5579
687,Female,Cam,Duggon,42,Marketing Manager,China,7833
688,Male,Hyacinthie,Skoyles,20,Automation Specialist III,Russia,9841
689,Male,Melinda,Bilborough,36,Research Nurse,Italy,4889
690,Male,Westleigh,Blomefield,62,Accountant I,Iran,8210
691,Male,Fania,Whittock,50,Research Assistant I,China,3737
692,Male,Maure,Khosa,19,Associate Professor,China,7050
693,Female,Georges,Fynn,50,Editor,Mexico,9362
694,Male,Garland,Kirmond,64,Social Worker,Indonesia,3020
695,Female,Inesita,Burnet,63,Professor,China,1500
696,Female,Hillary,Pfeiffer,19,Assistant Professor,Russia,2578
697,Male,Stanleigh,Chalcraft,54,Software Consultant,Armenia,4049
698,Female,Gwendolin,Spurdle,55,Recruiting Manager,China,9180
699,Female,Errol,Gonnard,60,Payment Adjustment Coordinator,Slovenia,1861
700,Male,Alfi,Bunney,22,Structural Engineer,China,3403
701,Female,Elizabeth,Oubridge,18,Environmental Specialist,Greece,5259
702,Male,Berti,Godden,33,Computer Systems Analyst III,Russia,3871
703,Male,Freda,Catherall,51,Human Resources Manager,Ukraine,7746
704,Female,Rasia,Goulbourn,53,Nuclear Power Engineer,China,3301
705,Male,Hedi,Angelini,44,Help Desk Operator,Iran,3764
706,Male,Rodolph,Seligson,36,Legal Assistant,Philippines,4537
707,Female,Annecorinne,Crannis,23,Chemical Engineer,Poland,1766
708,Female,Solly,Chiechio,61,Senior Financial Analyst,China,5203
709,Female,Rosamond,Tudor,23,General Manager,Israel,2029
710,Female,Faunie,Episcopi,18,Senior Sales Associate,Brazil,3159
711,Male,Burch,Burriss,61,Compensation Analyst,Russia,8116
712,Female,Mitchell,Reeman,60,Sales Associate,Tunisia,4327
713,Female,Latrina,Cudby,38,Desktop Support Technician,Croatia,2847
714,Female,Evan,Canet,39,Sales Associate,Palau,9507
715,Female,Sisely,Arlidge,57,Registered Nurse,China,3314
716,Male,Rodrique,Crossan,62,Food Chemist,China,5866
717,Male,Bartolomeo,Postance,19,Civil Engineer,China,9685
718,Male,Correna,Partridge,59,Staff Scientist,Russia,3783
719,Male,Pippo,Killigrew,63,Engineer IV,Brazil,2668
720,Male,Molli,Broscombe,27,Assistant Professor,Tanzania,3860
721,Female,Louisette,Hemphrey,39,Senior Editor,France,8571
722,Female,Hector,Billo,41,Operator,Russia,8398
723,Male,Thom,Brokenshire,48,Operator,Nigeria,5827
724,Male,Maryanne,Tice,25,Librarian,Norway,4361
725,Male,Bette-ann,Loyley,56,Marketing Manager,Kosovo,5962
726,Male,Ted,Tincey,53,Data Coordiator,China,5689
727,Male,Malory,Gyles,20,Electrical Engineer,Indonesia,4397
728,Male,Fifine,O'Leagham,54,Associate Professor,Tunisia,5939
729,Female,Enrica,Hagyard,65,Marketing Manager,Sweden,2357
730,Male,Field,Kirton,27,Structural Analysis Engineer,Ukraine,2435
731,Female,Cammy,Sheraton,61,Research Associate,China,9400
732,Male,Lucie,Torbett,57,Internal Auditor,South Africa,7373
733,Male,Concettina,Quilty,40,Chemical Engineer,Indonesia,9004
734,Male,Ody,Dooman,31,Graphic Designer,Portugal,9236
735,Female,Mirilla,Akitt,59,VP Accounting,Portugal,5075
736,Male,Maxwell,Parmeter,58,Project Manager,China,7907
737,Female,Jerrylee,Reavell,46,Pharmacist,Bosnia and Herzegovina,7198
738,Male,Pryce,Scard,54,Financial Advisor,Poland,4704
739,Male,Lynna,Girodias,22,VP Accounting,Tunisia,5375
740,Male,Dev,Waddingham,41,Account Coordinator,Niger,6492
741,Female,Pamela,Letchford,57,Developer III,China,2032
742,Male,Lorin,Scurman,23,Programmer Analyst II,Brazil,8181
743,Male,Ottilie,Carlino,27,Analog Circuit Design manager,Indonesia,6407
744,Male,Barry,Aery,51,Account Executive,Bulgaria,7235
745,Male,Rosemarie,Tregona,63,Food Chemist,Poland,6949
746,Male,Katina,Nelhams,20,Analyst Programmer,Japan,6810
747,Male,Griffie,Dehmel,33,GIS Technical Architect,Czech Republic,9735
748,Female,Estel,Revens,53,Automation Specialist II,Australia,9155
749,Female,Dacie,Tomkins,59,Tax Accountant,Uganda,7258
750,Female,Carrol,Cardenas,31,VP Sales,Russia,4224
751,Male,Padraig,Himpson,24,Financial Advisor,China,4178
752,Female,Shirl,O'Gready,18,Account Representative II,Japan,2278
753,Male,Stormy,Liepins,58,Graphic Designer,Hong Kong,8290
754,Female,Ebonee,Welland,28,Structural Engineer,Indonesia,2545
755,Female,Gibby,Stanners,65,Clinical Specialist,Costa Rica,4809
756,Female,Petrina,Faye,53,Information Systems Manager,Peru,4899
757,Female,Rafaellle,Dickie,49,Desktop Support Technician,Venezuela,6527
758,Male,Enrique,Beedle,40,Sales Associate,"Bonaire, Saint Eustatius and Saba ",9045
759,Female,Wanda,Murrthum,41,Help Desk Operator,Russia,3644
760,Female,Dacy,Vanyushin,35,Developer II,China,2007
761,Female,Kristofor,Jose,44,Analyst Programmer,South Korea,7036
762,Female,Annamarie,Weller,27,Geologist III,Finland,8113
763,Male,Jorry,Cockle,48,Engineer IV,Canada,8443
764,Female,Teodor,Rudram,57,Environmental Specialist,Poland,3088
765,Female,Bernhard,Priestnall,61,Programmer II,France,5673
766,Female,Dev,Jacques,57,Mechanical Systems Engineer,China,6140
767,Male,Winston,Simes,47,Financial Analyst,Indonesia,3928
768,Female,Vitia,Gland,45,Health Coach III,Honduras,4671
769,Male,Karoly,Udale,62,Registered Nurse,Serbia,9971
770,Male,Tawnya,Rosenblad,40,Senior Cost Accountant,Indonesia,7018
771,Female,Shurlock,Elby,26,Sales Associate,Armenia,2584
772,Male,Katya,Fagge,31,Professor,Macedonia,6848
773,Male,Shelden,Edington,41,Payment Adjustment Coordinator,Trinidad and Tobago,6047
774,Female,Whitman,Redholls,59,Computer Systems Analyst IV,Russia,5058
775,Male,Ashlen,Genthner,39,Analyst Programmer,China,7244
776,Male,Belva,Hendrickson,26,Dental Hygienist,South Africa,6089
777,Male,Margeaux,Davenall,37,Legal Assistant,Thailand,5389
778,Female,Prescott,Beste,27,Graphic Designer,Russia,3886
779,Male,Averil,Clausner,60,Administrative Officer,China,8124
780,Male,Camille,Hanning,43,Senior Sales Associate,Czech Republic,7684
781,Male,Judah,Haywood,47,Cost Accountant,Spain,3035
782,Male,Kerrie,Judson,31,VP Marketing,China,2424
